,user,location,followers,following,unfiltered_text,retweets,likes,listed_count,tweets,mentions,isreply,verified,hashtags,days,retweeted_before,url,text,popularity,city,topics,sentiment
3,SanjayS42065818,Kanpur Uttar Pradesh,287,137,Unity Is Our Strength Rising Our Voice With New Passion Jai Bhi Jai Hindustan #JaiBhimTwitter https://t.co/VvkyXN0l7k,0,1,0,1743,0,0,0,1,196,0,https://twitter.com/statuses/1190820047612104704,unity strength rise voice with passion hindustan jaibhimtwitter,,KANPUR,0,neutral
5,HhhUtkarsh,"Kanpur, India",502,825,@Rich77716 @WWEonFOX @WWENXT @FinnBalor It wasn't against the Demon!,0,0,8,15639,4,1,0,0,1269,0,https://twitter.com/statuses/1190819378104655874,rich77716 wweonfox wwenxt finnbalor against demon,,KANPUR,0,neutral
11,shoes_ra,"Kanpur, India",236,676,"Good Morning 
Happy Sunday 
I love 5 months 
#October/#April
#November/#March 
#December https://t.co/YqySrl0YmW",0,1,0,3015,0,0,0,5,1321,0,https://twitter.com/statuses/1190817578916044800,good morning happy sunday love months october april november march december,,KANPUR,0,positive
13,SanjayS42065818,Kanpur Uttar Pradesh,287,137,Happy Birthday üéÇüéÇüéÇüéÇüéÇüéàüéàüéàüéâüéâüéâ üéâüéâ üéâüéâ üéâ To Ur Loving Son https://t.co/Zg2zeZISns,0,3,0,1743,0,0,0,0,196,0,https://twitter.com/statuses/1190817001683345408,happy birthday love,,KANPUR,0,positive
14,shoes_ra,"Kanpur, India",236,676,"""She could kiss him, or she could bite him. Both possibilities were equally tempting.""

‚ù£Ô∏èIn Love With Soul‚ù£Ô∏è https://t.co/6PVv6YE1n6",0,0,0,3015,0,0,0,0,1321,0,https://twitter.com/statuses/1190816333992058880,could kiss could bite both possibilities be equally tempt in love with soul,,KANPUR,0,positive
22,brokesilver,"Kanpur, India",311,216,The beautiful pollution haze https://t.co/NoEfY3u9yo,0,0,49,66710,0,0,0,0,3804,0,https://twitter.com/statuses/1190813375347011584,beautiful pollution haze,,KANPUR,0,positive
23,Parody_Gandhi,"New Delhi, India",2159,300,@ArjunWelcome3 @RammeharDabla @AhsanOfficials @akhterzaidi @anket_dx @Gautamshandily5 @BobbySohailKha1‚Ä¶ https://t.co/WqgI9gukpM,1,3,0,23645,7,1,0,0,265,1,https://twitter.com/statuses/1190813123520823296,arjunwelcome3 rammehardabla ahsanofficials akhterzaidi anketdx gautamshandily5 bobbysohailkha1,,KANPUR,0,neutral
31,soorajsingh2204,"Kanpur, Uttar Pradesh, India",135,84,"Tattoo - yes-dragon
Coloured hair- Naa 
Surgeries- 1
Broken a bone- 0
One sided love- 3 
Stayed in a hospital- 1 ye‚Ä¶ https://t.co/WpxvNEqUvg",0,1,0,293,0,0,0,0,955,0,https://twitter.com/statuses/1190809845852590081,tattoo yesdragon colour hair surgeries break bone side love stay hospital,,KANPUR,0,positive
43,dheerajfirst,"KANPUR, INDIA",313,304,"@ppbajpai Sir, plz do something for our children, who is suffering from muscular dystrophy that is called DMD",0,0,0,233,1,0,0,0,2394,0,https://twitter.com/statuses/1190803162124275712,ppbajpai something children suffer from muscular dystrophy that call,,KANPUR,0,neutral
46,brokesilver,"Kanpur, India",311,216,"@WomensCricZone That was outstanding, literally",0,0,49,66710,1,1,0,0,3804,0,https://twitter.com/statuses/1190801164201349120,womenscriczone that outstanding literally,,KANPUR,0,positive
0,Rj143Ra,"Kanpur, Uttar Pradesh",1,12,"#Likee #HelloLikee De Rock Ranveer Sainy is broadcasting a Magic Live, come and join in!https://t.co/x8IVBpx3J9 https://t.co/vHH7YB8ohd",0,0,0,30,0,0,0,2,1721,0,https://twitter.com/statuses/1190820510227030017,likee hellolikee rock ranveer sainy broadcast magic live come join,,KANPUR,1,positive
1,brokesilver,"Kanpur, India",311,216,@oxymoronic_me @sonamakapoor Everyone's different.. i like it when author is able to create the visual through its‚Ä¶ https://t.co/BqWrklnIIW,0,0,49,66710,2,1,0,0,3804,0,https://twitter.com/statuses/1190820418464161792,oxymoronicme sonamakapoor everyone different like when author able create visual through its,,KANPUR,1,positive
2,SlTechnical,"Kanpur, India",5,3,"WhatsApp¬†has officially rolled out the fingerprint unlock feature for all the Android users. Usually, we have to in‚Ä¶ https://t.co/aP8DwEhbbt",0,0,0,43,0,0,0,0,439,0,https://twitter.com/statuses/1190820254978658304,whatsapp officially roll fingerprint unlock feature android users usually have,,KANPUR,1,negative
7,brokesilver,"Kanpur, India",311,216,"@oxymoronic_me @sonamakapoor As to your original answer, you can have a favorite book and not agree with it. You li‚Ä¶ https://t.co/g3U6UCpWbJ",0,0,49,66710,2,1,0,0,3804,0,https://twitter.com/statuses/1190819047413342208,oxymoronicme sonamakapoor your original answer have favorite book agree with,,KANPUR,1,positive
8,GhoshDevanshu,"Kanpur, India",5,58,@htTweets @sudhiranjansen Best step GoI has taken by unification of armed forces in (so called) highly unstable are‚Ä¶ https://t.co/g2YYs6iPGB,0,0,0,43,2,1,0,0,1362,0,https://twitter.com/statuses/1190818676687212545,httweets sudhiranjansen best step take unification arm force call highly unstable be,,KANPUR,1,positive
16,brokesilver,"Kanpur, India",311,216,@oxymoronic_me @sonamakapoor What gives you that impression,0,0,49,66710,2,1,0,0,3804,0,https://twitter.com/statuses/1190815566879166465,oxymoronicme sonamakapoor what give that impression,,KANPUR,1,neutral
18,brokesilver,"Kanpur, India",311,216,@oxymoronic_me @sonamakapoor Do you really think these celebrities even give these interviews ? Sab PR management ka kaam hai,0,0,49,66710,2,1,0,0,3804,0,https://twitter.com/statuses/1190814119055777792,oxymoronicme sonamakapoor really think these celebrities even give these interview management kaam,,KANPUR,1,positive
19,brokesilver,"Kanpur, India",311,216,@charlsalok @arunbothra üòÇüòÇüòÇ Happy Sunday morning,0,1,49,66710,2,1,0,0,3804,0,https://twitter.com/statuses/1190813764972470272,charlsalok arunbothra happy sunday morning,,KANPUR,1,positive
20,Shshank7777,"Kanpur, India",67,1697,@ShamitaShetty @NeetuRohra @ANMOLJEWELLER @KromakaySalon On page 1 with special cover pic https://t.co/vvL3DhO7wm,0,0,0,234,4,1,0,0,680,0,https://twitter.com/statuses/1190813653387431937,shamitashetty neeturohra anmoljeweller kromakaysalon page with special cover,,KANPUR,1,positive
35,shoes_ra,"Kanpur, India",236,676,@Mizzling_Gaze I have no experience,0,1,0,3015,1,1,0,0,1321,0,https://twitter.com/statuses/1190806965594624000,mizzlinggaze have experience,,KANPUR,1,neutral
12,brokesilver,"Kanpur, India",311,216,@oxymoronic_me @sonamakapoor You specifically mentioned her so i asked. Being an actress has nothing to do with bei‚Ä¶ https://t.co/Bl6e9qFwnC,0,0,49,66710,2,1,0,0,3804,0,https://twitter.com/statuses/1190817569223127040,oxymoronicme sonamakapoor specifically mention ask be actress nothing with bei,,KANPUR,2,neutral
15,prabhatmisra,"Firozabad, U.P., India",904,1660,"#ClimateMeet back on track; #Spain to host it. #COP25, after Santiago pulled out, #ClimateSummit will be held in‚Ä¶ https://t.co/1Q0ejsOfbl",0,0,73,13707,0,0,0,4,3679,0,https://twitter.com/statuses/1190816315621003264,climatemeet back track spain host cop25 after santiago pull climatesummit will hold,,KANPUR,2,neutral
25,RaviRavigaur,Kanpur,18,279,#Terrorism doesn't have any religion it‚Äôs just a #myth. https://t.co/DoMoBrOfJB,0,0,2,273,0,0,0,2,2063,0,https://twitter.com/statuses/1190812414901551105,terrorism do have religion just myth,,KANPUR,2,neutral
26,nikhilagarwal7,"Kanpur, India",758,202,"Distinguished alumni honoured for contribution to IIT- Kanpur, nation: IIT‚ÄâKanpur @ 60. The alumni were felicitated‚Ä¶ https://t.co/AxSdZ4YidE",1,1,15,660,0,0,0,0,3853,1,https://twitter.com/statuses/1190811038276390912,distinguish alumni honour contribution iit kanpur nation kanpur alumni be felicitate,,KANPUR,2,neutral
29,srivastava5077,kanpur,0,3,The bank is robbing. Government estableshments are on sale. The public is crying. Pradhan ji is travelling abroad.‚Ä¶ https://t.co/mqgEi5wBF4,0,0,0,13,0,0,0,0,11,0,https://twitter.com/statuses/1190810153215381504,bank rob government estableshments sale public cry pradhan travel abroad,,KANPUR,2,neutral
41,dheerajfirst,"KANPUR, INDIA",313,304,@ppbajpai we people need for you... Is genetic disease per research per work ho raha hai.. Bas Government ke intere‚Ä¶ https://t.co/P18bIHFcUa,0,0,0,233,1,0,0,0,2394,0,https://twitter.com/statuses/1190803997994536960,ppbajpai people need genetic disease research work raha hai government intere,,KANPUR,2,neutral
64,bharatpcnb,"Kanpur, Uttar Pradesh",47,390,"Happy chhath Puja ....
#bharatfilms #bharatfilms #chhath #chhathpooja #bharat",0,0,0,190,0,0,0,5,1738,0,https://twitter.com/statuses/1190788286241005568,happy chhath puja bharatfilms bharatfilms chhath chhathpooja bharat,,KANPUR,2,positive
66,pankajgco,Kanpur,51,42,"Comfortable misery is still misery - our happiness is determined not by our comfort level, but by our consciousness level. #Gita ü¶ö",0,0,0,21,0,0,0,1,3582,0,https://twitter.com/statuses/1190783111597969408,comfortable misery still misery happiness determine comfort level consciousness level gita,,KANPUR,2,positive
68,KunalUp18,"Kanpur, India",38,192,@Pooja_Aunty @Iam_selvi @sripriyaKovai @aquaneha2008 @KumarJi89578129 @Banupriya_1 @Top_actress @Hotty_actress‚Ä¶ https://t.co/BQxU0Ea0DH,0,0,0,68,8,1,0,0,71,0,https://twitter.com/statuses/1190778567073812481,poojaaunty iamselvi sripriyakovai aquaneha2008 kumarji89578129 banupriya1 topactress hottyactress,,KANPUR,2,neutral
70,Arpitaito,"Kanpur, Uttar Pradesh, india",25,77,@madebygoogle will the astro photography mode of pixel 4 and 4xl come to pixel 2 and 2xl?,0,0,1,774,1,0,0,0,2583,0,https://twitter.com/statuses/1190774303270129664,madebygoogle will astro photography mode pixel come pixel,,KANPUR,2,neutral
4,HhhUtkarsh,"Kanpur, India",502,825,@CPGOAT @RHRGareth @aiwrestling Do you have a link or anything to watch that match?,0,0,8,15639,3,1,0,0,1269,0,https://twitter.com/statuses/1190819571034230784,cpgoat rhrgareth aiwrestling have link anything watch that match,,KANPUR,3,neutral
6,brokesilver,"Kanpur, India",311,216,@Faaltu_Gyaan Which one,0,0,49,66710,1,1,0,0,3804,0,https://twitter.com/statuses/1190819162572103682,faaltugyaan which,,KANPUR,3,neutral
9,7shrey5,"Kanpur, India",10,269,"@joybhattacharj George Thomson, Irene Curie?",0,0,0,18,1,1,0,0,1790,0,https://twitter.com/statuses/1190818212830560256,joybhattacharj george thomson irene curie,,KANPUR,3,neutral
10,shoes_ra,"Kanpur, India",236,676,"‚ÄúIt was only a sunny smile, and little it cost in the giving, but like morning light it scattered the night and mad‚Ä¶ https://t.co/dRosQ3Y39H",0,0,0,3015,0,0,0,0,1321,0,https://twitter.com/statuses/1190818045595287553,only sunny smile little cost give like morning light scatter night mad,,KANPUR,3,negative
24,GhoshDevanshu,"Kanpur, India",5,58,@AasthaVarma Am i eligible for your mother? If you approve me then we discuss steps further.,0,0,0,43,1,1,0,0,1362,0,https://twitter.com/statuses/1190812682154323970,aasthavarma eligible your mother approve then discuss step further,,KANPUR,3,neutral
27,RahulCh26769865,"Kanpur, India",0,12,@akshaykumar Great sir,0,0,0,1,1,1,0,0,27,0,https://twitter.com/statuses/1190810909029081088,akshaykumar great,,KANPUR,3,positive
28,brokesilver,"Kanpur, India",311,216,So due to a need at a client i had to look up a Chinese company product for its design and immediately after few da‚Ä¶ https://t.co/UgvubPpP7x,0,0,49,66710,0,0,0,0,3804,0,https://twitter.com/statuses/1190810706465247233,need client look chinese company product design immediately after,,KANPUR,3,neutral
30,STARSAGAR786,"‡§â‡§§‡•ç‡§§‡§∞ ‡§™‡•ç‡§∞‡§¶‡•á‡§∂, ‡§≠‡§æ‡§∞‡§§",31,209,@sana_100k Best king..,0,0,0,56,1,1,0,0,1352,0,https://twitter.com/statuses/1190809963863535616,sana100k best king,,KANPUR,3,positive
45,Harsh7tripathi,‡§Ö‡§™‡§®‡•ã‡§Ç ‡§ï‡•á ‡§¶‡§ø‡§≤ ‡§Æ‡•á‡§Çüòòüòç,1807,92,@Kinjal_IND Happy birthday betaüç´üç´üç¨,0,0,1,118649,1,1,0,0,810,0,https://twitter.com/statuses/1190801424952639488,kinjalind happy birthday beta,,KANPUR,3,positive
52,abhishek0557,"New Delhi, India",19,59,"@suhaildevexpress #suhaildevexpress  worst train, can I expect a cup of tea as its been two and half hour it's stop‚Ä¶ https://t.co/dxaCWKV0I8",0,0,1,66,0,0,0,1,1246,0,https://twitter.com/statuses/1190799738469142528,suhaildevexpress suhaildevexpress worst train expect be half hour stop,,KANPUR,3,negative
17,NeerajV31709309,"Kanpur, India",18,104,@khushigadhv good morning,0,0,0,678,1,0,0,0,1007,0,https://twitter.com/statuses/1190815179639947264,khushigadhv good morning,,KANPUR,4,positive
21,Susheel36817032,"Kanpur, India",140,292,@thekiranbedi Good morning maim,0,0,0,2819,1,1,0,0,87,0,https://twitter.com/statuses/1190813435115687936,thekiranbedi good morning maim,,KANPUR,4,positive
32,shoes_ra,"Kanpur, India",236,676,""" I'm a silent soul:
Where no one hears my voice between respect and freedom ""

‚ù£Ô∏èIn Love With Soul ‚ù£Ô∏è https://t.co/V4gdkRF6Az",0,0,0,3015,0,0,0,0,1321,0,https://twitter.com/statuses/1190809253713305600,silent soul where hear voice between respect freedom in love with soul,,KANPUR,4,positive
33,shoes_ra,"Kanpur, India",236,676,"Writing is the only way I can touch you from afar,
For you to get the breeze of my caress.

‚ù£Ô∏èIn Love With Soul‚ù£Ô∏è https://t.co/WDh08W76R7",0,0,0,3015,0,0,0,0,1321,0,https://twitter.com/statuses/1190807644665024512,write only touch from afar breeze caress in love with soul,,KANPUR,4,positive
34,Mahendr09330835,"Kanpur, India",6,101,@APARNA67102203 @MeriRadhe @Mousmi9 @myogiadityanath Have a wonderful day dear,0,0,0,49,4,1,0,0,868,0,https://twitter.com/statuses/1190807284139606016,aparna67102203 meriradhe mousmi9 myogiadityanath have wonderful dear,,KANPUR,4,positive
38,Shubham69838060,‡§ï‡§æ‡§®‡§™‡•Å‡§∞,27,290,Good morning,0,0,0,27,0,0,0,0,2,0,https://twitter.com/statuses/1190805265626451969,good morning,,KANPUR,4,positive
39,Susheel36817032,"Kanpur, India",140,292,@PatekerFan Good morning sir,0,0,0,2819,1,1,0,0,87,0,https://twitter.com/statuses/1190805058079707137,patekerfan good morning,,KANPUR,4,positive
40,Susheel36817032,"Kanpur, India",140,292,@yamla_pagla_Bob Good morning sir,0,0,0,2819,1,1,0,0,87,0,https://twitter.com/statuses/1190805056020303872,yamlapaglabob good morning,,KANPUR,4,positive
47,Harsh7tripathi,‡§Ö‡§™‡§®‡•ã‡§Ç ‡§ï‡•á ‡§¶‡§ø‡§≤ ‡§Æ‡•á‡§Çüòòüòç,1807,92,@sadhvi006 Good morning,2,0,1,118649,1,1,0,0,810,1,https://twitter.com/statuses/1190800733316108288,sadhvi006 good morning,,KANPUR,4,positive
48,rac_knp,"‡§ï‡§æ‡§®‡§™‡•Å‡§∞, ‡§≠‡§æ‡§∞‡§§",215,231,@_Rakhshanda_ Good morning ji üôèüåπ,0,1,0,10362,1,1,0,0,3364,0,https://twitter.com/statuses/1190800310580568065,rakhshanda good morning,,KANPUR,4,positive
